Parameter,Estimate,StdError
Rs,118.809601808066,0
Rct1,40031.2070800237,0
Cdl1,0.0070399999999778,0
Rct2,40031.2070923712,0
Cdl2,0.0070399999999778,0
